Question,Answer,,,,
What is a rental agreement?,A rental agreement is a legal contract between a landlord and a tenant that outlines the terms and conditions for renting a property.,,,,
How long is a typical lease term?,A typical lease term is 12 months but it can vary . Some leases may be month to month while others may be longer, ,,,
What should be included in a rental agreement?,A rental agreement should include details about the property rent amount security deposit lease duration and rules for both parties,, security deposit, lease duration, and rules for both parties.
Can the landlord increase the rent during the lease term?,In most cases the landlord can't increase the rent during the lease term unless specified in the agreement.,,,,
What is a security deposit?,A security deposit is a sum of money paid by the tenant to cover potential damages or unpaid rent. It's typically refundable.,,,,
How do I renew a lease?,Leases can be renewed by mutual agreement between the landlord and tenant. It may require signing a new lease or an addendum.,,,,
What happens if I break the lease?,Breaking a lease may result in penalties such as losing the security deposit or being responsible for rent until a new tenant is found.,,,,
Can I sublet my rental property?,Subletting is usually allowed if specified in the rental agreement and with the landlord's consent.,,,,
When should I pay rent and how?, Rent payment details are outlined in the rental agreement. Typically  rent is due on a specific date each month and can be paid by check  bank transfer  or other agreed-upon methods.,,,,
What happens if I'm late on rent?,Late rent payments may result in late fees as specified in the rental agreement. It's essential to pay rent on time to avoid issues.,,,,
Can the landlord enter my rental property without notice?,In most cases landlords must provide notice before entering a rental property except in emergencies or specific situations defined in the agreement.,,,,
What is a security deposit used for?,A security deposit can be used to cover unpaid rent repair costs for damages beyond normal wear and tear and cleaning fees.,,,,
Are pets allowed in the rental property?,Pet policies vary. Some rentals allow pets while others do not. Check the rental agreement or ask the landlord for details.,,,,
How do I report maintenance issues?,Report maintenance issues promptly to the landlord or property management company. Follow the procedure outlined in the rental agreement.,,,,
What should I do before moving out?,Before moving out clean the property repair any damage and follow the procedures for returning keys and receiving the security deposit.,, repair any damage,,
Can the landlord evict me without cause?,Laws vary by location but generally landlords must have a valid reason for eviction such as non-payment of rent or lease violations.,,,,
How do I terminate a month-to-month lease?,Notify the landlord in writing typically 30 days in advance as outlined in the lease agreement.,,,,
Can I make alterations to the rental property?,Making alterations may require landlord approval and should be specified in the rental agreement.,,,,
What happens if the property is sold while I'm renting?,In most cases the new owner must honor the existing lease until it expires.,,,,
What rights do I have as a tenant?,Tenants have rights including the right to a habitable living space privacy and protection from discrimination. Familiarize yourself with local tenant rights and laws.,,,,
Do I have to sign a paper for a rental agreement?,"Yes, usually you sign a paper with all the rules. It's important to read it and ask questions.",,,,
How long is a rental agreement?," Most are for one year, but some are shorter. Ask your landlord.",,,,
What happens if I break my rental agreement?,Breaking it might mean you lose your security deposit or have to pay more rent.,,,,
Can I have a pet in my rental place?,"It depends on your rental agreement. Some allow pets, but some don't.",,,,
When is the rent due?,Rent is usually due on the same day each month. You can ask your landlord.,,,,
 Can my landlord increase the rent?,"Usually not until the rental agreement ends, but check your agreement.",,,,
What is security deposit?,It's like a safety fee. You get it back if you don't damage the place.,,,,
Can I paint the walls or make changes?,You might need your landlord's permission. Check your agreement.,,,,
How do I report a problem like a leak?,Tell your landlord or property manager right away. They'll fix it.,,,,
 What if the property is sold?,"Usually, the new owner has to follow your rental agreement until it ends.",,,,
Can my landlord come into my place anytime?,"Usually not. They need to give notice, except for emergencies.",,,,
What happens when the rental agreement ends?,"You can renew it or move out, but follow the rules in your agreement.",,,,
 Can I break the lease if I need to move?,"Sometimes you can, but you might have to pay for leaving early.",,,,
How do I renew my lease?,"Ask your landlord if they want to renew. Then, sign a new agreement.",,,,
What if I can't pay the rent?,"Talk to your landlord. They might help, but don't wait too long.",,,,
How do I end the rental agreement?,Follow the steps in your agreement. You'll need to give notice.,,,,
What if I want to move out before the lease ends?,You might need to find someone to take over your lease or pay extra rent.,,,,
What is a lease?,It is a legally binding contract between a landlord (property owner) and a tenant (person renting the property).,,,,
Can I have guests stay over?," Most agreements allow guests, but talk to your landlord if it's a long visit.",,,,
Still I am not understanding?,For more details contact our Interns at 9082134521,,,,
Can you please ellaborate more?,For ellaboration you can refer the document provided.,,,,
Can you summarize the question?,It is provided in the output 2 you can refer it there.,,,,
Can landlord come to the rental property without permission?,,,,,
what is notice period?,"A notice period, is the duration of time that a landlord or tenant is required to provide notice to the other party before making specific changes or taking certain actions. ",,,,
"How should rent be paid, and what happens if it's paid late?","Rent payment details are outlined in the rental agreement. Typically, rent is due on a specific date each month and can be paid by check, bank transfer, or other agreed-upon methods. Late rent payments may result in late fees.",,,,
Lessor,Someone who is renting the property known as landlord,,,,
Lessee,Someone who is the tenant,,,,
Lease Term,Period upto which Agreement is formed,,,,
Notice Period,"A notice period, is the duration of time that a landlord or tenant is required to provide notice to the other party before making specific changes or taking certain actions. ",,,,
Customer Support,For more details contact our Interns at 9082134521,,,,
I need real time assistance,For more details contact our Interns at 9082134521,,,,
